id,area_name,homicide_2020,assault_2020,assault_2021,assault_2022,assault_2023,assault_rate_2020,assault_rate_2021,assault_rate_2022,assault_rate_2023,homicide_2021,homicide_2022,homicide_2023,homicide_rate_2020,homicide_rate_2021,homicide_rate_2022,homicide_rate_2023,robbery_2020,robbery_2021,robbery_2022,robbery_2023,robbery_rate_2020,robbery_rate_2021,robbery_rate_2022,robbery_rate_2023,shooting_2020,shooting_2021,shooting_2022,shooting_2023,shooting_rate_2020,shooting_rate_2021,shooting_rate_2022,shooting_rate_2023
1,South Eglinton-Davisville,1,82,121,128,101,396.8446045,577.4553833,597.6281738,459.3623657,1,0,0,4.839568138,4.772358418,0,0,16,11,16,3,77.43309021,52.49594498,74.70352173,13.64442635,1,0,1,0,4.839568138,0,4.668970108,0
2,North Toronto,1,72,104,130,105,525.9697266,740.5825195,893.8393555,696.4249878,0,0,0,7.305135727,0,0,0,3,10,11,14,21.91540718,71.20985413,75.63256073,92.85666656,0,1,1,0,0,7.120985508,6.875687599,0
3,Dovercourt Village,1,75,101,95,104,542.7310181,734.3318481,688.9549561,751.6080322,0,0,0,7.236413479,0,0,0,15,22,10,21,108.5462036,159.9534607,72.52157593,151.7669983,0,2,0,1,0,14.54122448,0,7.227000237
4,Junction-Wallace Emerson,0,169,178,139,229,661.9922485,696.6459351,539.2404175,872.7134399,0,0,0,0,0,0,0,22,11,20,18,86.17650604,43.05115128,77.58854675,68.5975647,5,3,3,2,19.58556938,11.74122334,11.63828182,7.621951103
5,Yonge-Bay Corridor,0,383,323,443,543,2842.933594,2343.636719,3116.864746,3686.104248,1,1,1,0,7.255840778,7.035812378,6.788405418,55,51,55,62,408.2541504,370.0478821,386.9696655,420.881134,2,0,1,2,14.84560585,0,7.035812378,13.57681084
6,Bay-Cloverhill,0,101,147,120,142,573.7006836,817.256897,647.5985107,745.2112427,0,0,0,0,0,0,0,19,23,19,20,107.9238815,127.8701248,102.5364304,104.9593277,0,0,1,1,0,0,5.396654129,5.24796629
7,Bendale-Glen Andrew,1,134,129,166,237,660.0985107,634.6551514,809.9536743,1140.904053,0,2,0,4.92610836,0,9.758477211,0,19,49,54,55,93.59606171,241.0705566,263.4789124,264.7667542,7,5,7,1,34.48275757,24.59903526,34.15467072,4.813941002
8,Downsview,2,128,134,153,208,766.6506958,801.3395386,906.0223999,1223.313477,0,0,0,11.97891712,0,0,0,7,11,25,28,41.9262085,65.78160858,148.0428772,164.6768188,3,0,4,3,17.96837616,0,23.68685913,17.64394569
9,Oakdale-Beverley Heights,0,235,293,310,447,1111.741943,1388.428223,1458.480347,2078.779785,0,2,1,0,0,9.409550667,4.650513649,50,29,39,30,236.5408325,137.4212189,183.4862366,139.5154114,5,9,7,6,23.65408325,42.64796448,32.9334259,27.9030838
10,Avondale,1,43,56,37,50,278.2991333,360.2676392,234.1772156,309.6166992,0,1,0,6.472073078,0,6.32911396,0,9,8,4,6,58.24865723,51.4668045,25.31645584,37.15400314,1,0,0,1,6.472073078,0,0,6.192333698
11,East Willowdale,0,40,53,58,48,227.9981689,299.8415833,322.688324,262.5102539,0,0,0,0,0,0,0,18,9,12,17,102.5991821,50.91649628,66.76309967,92.97238159,2,1,2,1,11.39990902,5.657388687,11.12718391,5.468963623
12,Yonge-Doris,0,64,77,83,104,281.0839233,338.3425598,361.718811,447.619873,0,0,1,0,0,0,4.304037094,12,29,7,14,52.70323563,127.4277191,30.50640678,60.25651932,0,0,0,0,0,0,0,0
13,Fenside-Parkwoods,0,112,84,103,130,501.0961609,375.956665,457.4524841,567.4625854,1,0,1,0,4.475674629,0,4.365096569,5,8,9,14,22.37036324,35.80539703,39.97157669,61.11135483,3,2,3,1,13.42221832,8.951349258,13.32385826,4.365096569
14,Parkwoods-O'Connor Hills,1,37,51,62,96,249.8818054,346.750061,420.5670776,649.1749878,0,0,0,6.75356245,0,0,0,4,15,7,6,27.0142498,101.9853134,47.48337936,40.57343674,2,2,2,2,13.5071249,13.59804153,13.56667995,13.52447891
15,East L'Amoreaux,0,104,79,77,83,443.0056152,336.6286011,325.3750305,346.0063477,0,0,0,0,0,0,0,11,7,7,10,46.8563652,29.82785034,29.57954788,41.68751144,3,2,2,4,12.77900791,8.5222435,8.451299667,16.67500496
16,L'Amoreaux West,3,82,101,95,118,345.8018799,425.173645,396.0478516,484.1224365,0,1,1,12.65128803,0,4.168924809,4.102732182,16,8,10,19,67.47354126,33.67712021,41.68924713,77.95191956,8,3,4,1,33.73677063,12.62892056,16.67569923,4.102732182
17,Malvern East,1,167,142,129,145,602.5617676,513.5438232,463.6785278,516.0509644,1,1,0,3.608154535,3.616505623,3.594407082,0,17,22,18,20,61.33862686,79.56312561,64.69932556,71.17944336,10,4,5,3,36.08154297,14.46602249,17.97203636,10.67691612
18,Malvern West,0,72,89,85,93,375.4693298,465.5542297,442.2706604,479.0851135,2,0,0,0,10.46189213,0,0,7,20,13,14,36.50396347,104.618927,67.64139557,72.12033844,5,6,2,3,26.0742588,31.38567734,10.40636826,15.4543581
19,Morningside Heights,0,82,86,101,119,297.1983643,312.2617188,364.134552,422.4801941,2,0,0,0,7.261900425,0,0,18,12,27,23,65.23866272,43.5714035,97.34290314,81.65583801,4,3,2,8,14.49748135,10.89285088,7.210585117,28.40203094
20,West Rouge,1,66,66,62,70,299.8500671,299.9182129,279.7202759,312.5558167,1,0,1,4.54318285,4.544215202,0,4.465083122,26,7,14,22,118.12275699999999,31.80950737,63.16264343,98.23182678,2,6,3,3,9.0863657,27.26529121,13.53485203,13.39524937
21,Woburn North,1,181,178,183,186,623.2352905,614.725769,627.3568726,630.5084839,0,2,2,3.443289042,0,6.856359482,6.779661179,26,10,23,22,89.5255127,34.53515625,78.84812927,74.57627106,2,7,7,4,6.886578083,24.17461014,23.99725723,13.55932236
22,Golfdale-Cedarbrae-Woburn,1,168,185,198,193,596.3579712,656.9135742,698.3880615,673.6239624,2,1,1,3.549749851,7.101768494,3.527212381,3.490279675,28,21,16,32,99.39299011,74.56856537,56.4353981,111.6889496,12,13,7,3,42.59699631,46.16149521,24.69048691,10.47083855
23,Guildwood,0,37,36,37,56,360.4832458,351.8373718,360.0272522,542.0054321,2,0,0,0,19.54652023,0,0,3,4,6,1,29.22837067,39.09304047,58.38279724,9.678668022,1,0,1,0,9.742790222,0,9.730465889,0
24,Scarborough Village,1,180,120,156,153,1027.221313,687.1278076,889.8015137,863.7723999,0,0,0,5.706785202,0,0,0,17,15,9,24,97.01535034,85.89097595,51.33470154,135.4936981,3,3,1,2,17.12035561,17.17819595,5.703855991,11.29114246
25,Eglinton East,2,146,161,174,168,611.6464233,675.5339355,726.1194458,693.3267212,3,1,1,8.378718376,12.58758831,4.173099995,4.126945019,21,16,25,33,87.97653961,67.13380432,104.327507,136.1891785,11,8,6,3,46.08295059,33.56690216,25.03860092,12.38083458
26,West Hill,2,336,328,382,443,1164.281494,1139.324097,1319.926758,1514.064087,0,1,2,6.93024683,0,3.455305576,6.835503578,36,43,63,56,124.7444458,149.3626099,217.6842499,191.394104,7,5,7,11,24.2558651,17.36774445,24.18713951,37.59526825
27,Morningside,1,106,83,125,131,578.6973877,454.7695923,681.7562256,709.5271606,0,1,0,5.459409237,0,5.454049587,0,8,5,17,3,43.6752739,27.39575958,92.71884155,16.24871445,8,3,7,4,43.6752739,16.43745613,38.17834854,21.66495132
28,Highland Creek,0,33,42,60,64,244.227356,310.4212952,439.335144,461.3942871,1,0,0,0,7.390983105,0,0,2,2,2,3,14.80165768,14.78196621,14.64450455,21.62785721,0,0,0,3,0,0,0,21.62785721
29,Centennial Scarborough,0,47,37,39,39,326.7292175,257.2302551,268.8728027,266.9587097,0,0,0,0,0,0,0,3,6,0,7,20.85505676,41.7130127,0,47.91566849,1,0,0,0,6.951685905,0,0,0
30,Milliken,0,85,64,67,89,303.5497437,228.9967041,238.1460114,313.7006226,1,1,0,0,3.578073502,3.554418087,0,32,16,34,37,114.2775497,57.24917603,120.8502197,130.414856,1,6,4,3,3.571173429,21.46844101,14.21767235,10.57417774
31,Agincourt North,0,74,62,78,82,239.4899445,200.9659271,251.4344635,262.3160706,0,0,0,0,0,0,0,17,7,11,15,55.01796341,22.68970299,35.4587059,47.98464584,2,0,1,1,6.47270155,0,3.223518848,3.198976278
32,Agincourt South-Malvern West,2,127,152,177,191,477.2462463,565.0557861,645.8204346,679.7879028,1,0,0,7.515688896,3.717472076,0,0,18,19,33,18,67.6411972,70.63197327,120.407196,64.06378174,1,5,3,6,3.757844448,18.58736038,10.94610882,21.35459328
33,Dorset Park,0,129,141,187,218,495.3916931,543.1223755,716.6672974,829.3388062,3,0,4,0,11.55579567,0,15.21722603,25,17,30,30,96.00614166,65.48284149,114.9733658,114.1291962,6,6,5,2,23.0414753,23.11159134,19.16222763,7.608613014
34,Ionview,0,85,92,83,126,596.2401733,650.3605347,587.361145,892.2880859,0,0,0,0,0,0,0,2,4,4,4,14.02918053,28.27654457,28.30656052,28.32660484,1,0,2,2,7.014590263,0,14.15328026,14.16330242
35,Kennedy Park,0,183,182,226,317,1011.944275,1013.024597,1254.022827,1744.345947,2,0,0,0,11.13213825,0,0,27,28,30,33,149.3032532,155.8499451,166.4632111,181.5880737,1,2,3,7,5.52974987,11.13213825,16.64632034,38.51868057
36,Cliffcrest,0,110,98,134,183,635.5809937,564.1261597,762.6202393,1021.09137,1,0,1,0,5.756389618,0,5.579734325,23,13,14,13,132.8942108,74.83306122,79.67674255,72.5365448,1,0,4,4,5.778008938,0,22.76478195,22.3189373
37,Birchcliffe-Cliffside,0,146,142,159,209,630.5878296,615.3846436,685.5812378,892.5139771,0,1,0,0,0,4.311831474,0,21,14,15,13,90.70098877,60.67172241,64.67747498,55.51522446,0,1,0,1,0,4.333694458,0,4.270401955
38,Downtown Yonge East,1,508,599,543,656,3184.354004,3633.606201,3168.952393,3639.793701,0,0,2,6.268413544,0,0,11.09693146,86,96,76,90,539.0835571,582.3475952,443.5366211,499.3619385,4,7,3,5,25.07365417,42.46284485,17.50802422,27.74232864
39,Church-Wellesley,0,306,399,385,334,1438.443115,1841.425171,1730.725952,1456.098999,0,1,1,0,0,4.495392323,4.359578133,57,41,43,55,267.945282,189.2191315,193.3018646,239.7767944,1,2,2,1,4.70079422,9.230200768,8.990784645,4.359578133
40,St Lawrence-East Bayfront-The Islands,0,278,365,403,445,977.668396,1252.65979,1336.73877,1435.344971,0,2,0,0,0,6.633939266,0,45,43,34,42,158.2556763,147.5736084,112.7769699,135.4707642,4,2,5,3,14.0671711,6.863889217,16.5848484,9.676483154
41,Harbourfront-CityPlace,2,224,283,266,271,752.3342285,938.7335205,863.4681396,860.946106,0,0,1,6.717269897,0,0,3.176922798,16,23,33,22,53.73815918,76.29283142,107.1219864,69.89230347,5,6,3,3,16.79317474,19.90247726,9.738362312,9.530768394
42,Wellington Place,1,320,375,474,429,1280,1424.772095,1698.742065,1485.971558,1,2,1,4,3.799391985,7.167687893,3.463803291,24,26,63,46,96,98.78419495,225.7821808,159.3349457,2,6,8,6,8,22.79635239,28.67075157,20.78281975
43,Fort York-Liberty Village,0,93,153,164,167,452.2906189,734.2355347,768.9422607,763.9524536,0,0,2,0,0,0,9.149130821,14,7,10,7,68.08676147,33.59247589,46.88672256,32.0219574,1,2,4,1,4.863340378,9.597849846,18.754688260000002,4.574565411
44,West Queen West,1,102,112,117,108,698.7258301,764.0357666,789.6868286,713.5306396,0,0,0,6.850253582,0,0,0,8,13,6,10,54.80202866,88.682724,40.49676132,66.06764984,0,1,0,0,0,6.82174778,0,0
45,Humber Bay Shores,0,82,102,121,152,424.9585266,520.7801514,602.7397461,729.9971313,0,2,0,0,0,9.962639809,0,8,6,8,9,41.45936966,30.63412666,39.85055923,43.22351456,1,1,3,1,5.182421207,5.105687618,14.94396019,4.802612782
46,Mimico-Queensway,1,205,268,343,519,1130.722534,1480.744751,1885.029663,2834.052246,0,0,1,5.515719891,0,0,5.460601807,3,8,16,8,16.54715919,44.20133591,87.93141174,43.68481445,1,2,1,2,5.515719891,11.05033398,5.495713234,10.92120361
47,Etobicoke City Centre,0,142,156,205,308,596.814209,645.8023071,828.3497925,1208.079956,1,1,3,0,4.13975811,4.040730476,11.76701355,19,11,43,40,79.85542297,45.53734207,173.7514191,156.8935089,3,3,2,4,12.60875034,12.41927433,8.081460953,15.68935108
48,Islington,0,75,56,96,137,299.808136,223.1342316,378.3400269,528.2029419,0,0,0,0,0,0,0,16,10,26,12,63.95906448,39.84539795,102.4670944,46.26595306,1,1,0,0,3.99744153,3.984539986,0,0
49,Bendale South,0,79,62,41,82,719.293457,569.2250977,376.76898190000003,753.6071777,0,0,0,0,0,0,0,3,9,5,20,27.31494141,82.62945557,45.94743729,183.8066406,3,2,1,1,27.31494141,18.3621006,9.189487457,9.190331459
50,Caledonia-Fairbank,0,51,65,61,63,484.6526794,621.414917,581.2845459,595.4068604,0,0,1,0,0,0,9.450902939,7,3,4,4,66.52095032,28.68068886,38.11701965,37.80361176,2,2,0,2,19.00598717,19.1204586,0,18.90180588
51,Briar Hill-Belgravia,0,75,65,91,89,496.1958313,432.4396362,603.288269,587.6138916,1,1,0,0,6.652917385,6.629541397,0,8,14,14,22,52.92755508,93.14083862,92.81357574,145.2528687,1,0,6,1,6.615944386,0,39.77724838,6.602403164
52,Oakwood Village,2,126,103,164,112,564.7944946,464.2149048,737.3768921,499.9107361,0,0,0,8.96499157,0,0,0,25,14,25,13,112.0623932,63.09716797,112.405014,58.02535248,7,3,5,2,31.37747192,13.52082253,22.48100281,8.926977158
53,Humewood-Cedarvale,0,42,49,42,54,273.1707458,319.1974487,271.7039795,345.7106323,0,0,0,0,0,0,0,6,3,5,1,39.02439117,19.54270172,32.34571075,6.402048588,0,0,1,0,0,0,6.46914196,0
54,Lawrence Park North,0,43,38,32,32,277.5447083,246.4651642,206.7183533,205.3783417,0,0,0,0,0,0,0,12,8,6,6,77.45433044,51.8874054,38.75968933,38.50843811,0,0,0,0,0,0,0,0
55,Lawrence Park South,0,27,35,33,33,164.1736603,212.9342346,199.3716736,196.686142,0,0,0,0,0,0,0,12,7,8,7,72.96607208,42.5868454,48.33252716,41.72130203,0,0,1,0,0,0,6.041565895,0
56,Forest Hill North,0,40,40,45,63,301.5908813,303.7897644,341.5559692,478.287262,0,0,0,0,0,0,0,16,2,7,9,120.6363602,15.18948841,53.13092804,68.32675171,0,1,0,0,0,7.594744205,0,0
57,Forest Hill South,0,26,18,33,43,221.5028076,152.5423737,275.8505249,353.6184082,0,0,0,0,0,0,0,5,2,0,1,42.59669495,16.94915199,0,8.223684311,0,0,0,1,0,0,0,8.223684311
58,Yonge-Eglinton,0,91,64,123,104,691.7521973,483.7124939,916.4741821,756.7489014,0,1,0,0,0,7.45100975,0,9,4,4,12,68.41505432,30.23203087,29.804039,87.31717682,0,0,1,2,0,0,7.45100975,14.55286312
59,Mount Pleasant East,0,42,47,54,77,234.4796753,263.3790894,301.1040344,425.790741,0,0,0,0,0,0,0,15,9,4,8,83.74274445,50.43429565,22.30400276,44.23799896,0,0,1,0,0,0,5.57600069,0
60,Rosedale-Moore Park,0,148,150,215,271,660.4489136,668.2407227,947.9299927,1175.552002,1,0,1,0,4.454938412,0,4.337830067,22,28,20,24,98.17484283,124.7382736,88.17953491,104.1079254,1,1,1,1,4.462492943,4.454938412,4.408976555,4.337830067
61,Yonge-St.Clair,0,23,50,45,35,169.9423676,368.8131714,328.5151062,250.8421173,0,0,0,0,0,0,0,4,5,7,2,29.55519485,36.88131714,51.10235214,14.33383465,0,0,0,0,0,0,0,0
62,Casa Loma,0,65,46,59,56,555.7455444,392.9273071,499.3652039,467.7580872,0,0,0,0,0,0,0,3,1,10,15,25.64979553,8.541897774,84.63816833,125.2923508,0,1,1,0,0,8.541897774,8.463817596,0
63,Annex,0,259,304,365,396,795.6256104,924.6585693,1092.029663,1147.759521,0,0,0,0,0,0,0,40,47,43,67,122.8765411,142.957077,128.6500702,194.1916351,0,1,2,0,0,3.041640043,5.983724117,0
64,Wychwood,1,84,60,85,89,585.0804443,417.3912964,587.6659546,609.213501,0,0,0,6.96524334,0,0,0,19,5,6,25,132.3396301,34.78260803,41.4822998,171.1273804,2,1,1,6,13.93048668,6.956521511,6.913716793,41.0705719
65,Corso Italia-Davenport,1,85,114,99,147,575.9978027,777.5731812,674.8466187,994.3181763,0,0,1,6.776444912,0,0,6.76406908,12,1,11,19,81.31734467,6.820816994,74.98295593,128.5173187,4,0,3,3,27.10577965,0,20.44989777,20.29220772
66,Weston-Pelham Park,0,102,92,101,119,847.1760864,763.2321167,829.5687866,965.1257324,0,0,0,0,0,0,0,4,6,11,6,33.2225914,49.77600861,90.34907532,48.66180038,4,4,4,4,33.2225914,33.18400574,32.8542099,32.44120026
67,Junction Area,0,103,115,113,136,686.3006592,768.203064,750.8804321,891.6863403,0,0,0,0,0,0,0,12,9,23,19,79.95735931,60.12023926,152.8340759,124.5738297,0,0,0,1,0,0,0,6.556517124
68,Oakridge,1,158,189,186,215,1055.514771,1258.657471,1225.054321,1397.101807,0,0,0,6.680472851,0,0,0,26,22,11,20,173.6922913,146.5103912,72.44944763,129.9629669,8,3,1,3,53.44378281,19.97868919,6.586313725,19.49444389
69,Clairlea-Birchmount,1,197,239,256,278,697.8391724,847.8183594,903.3806152,965.8814697,2,1,0,3.542330742,7.094714642,3.528830528,0,31,9,19,22,109.8122559,31.92621422,67.0477829,76.43666077,2,3,4,4,7.084661484,10.64207172,14.11532211,13.89757442
70,Wexford/Maryvale,1,163,212,209,260,552.0371094,719.0584106,705.0806274,870.4385376,1,1,0,3.386730671,3.391785145,3.373591423,0,29,28,39,31,98.2151947,94.96998596,131.5700684,103.7830582,3,4,5,4,10.16019249,13.56714058,16.86795807,13.39136219
71,Tam O'Shanter-Sullivan,1,135,119,118,136,462.2812805,407.6738586,400.7743835,456.8357544,0,1,0,3.424305677,0,3.396393061,0,18,13,32,21,61.63750458,44.53580093,108.6845779,70.54080963,2,5,1,3,6.848611355,17.12915421,3.396393061,10.07725906
72,Steeles,0,39,51,45,49,150.2079773,196.8655853,172.6983185,185.6412201,0,0,0,0,0,0,0,6,7,7,7,23.10891914,27.02076721,26.86418152,26.52017403,2,1,0,1,7.702973366,3.860109568,0,3.788596392
73,Mount Dennis,1,72,98,119,122,508.1516113,693.8052979,838.9735107,855.7800293,1,0,0,7.057661057,7.079646111,0,0,19,11,7,9,134.0955658,77.87610626,49.35138321,63.13131332,1,2,2,2,7.057661057,14.15929222,14.1003952,14.02918053
74,Lambton Baby Point,0,31,34,54,31,371.47991940000003,410.8761292,652.4102783,373.7641602,0,0,0,0,0,0,0,1,0,1,5,11.98322392,0,12.08167171,60.28454208,0,0,1,1,0,0,12.08167171,12.05690861
75,Weston,3,204,204,242,243,1053.338135,1052.088745,1236.523438,1226.715088,0,2,1,15.4902668,0,10.21920204,5.048210621,27,25,32,36,139.4123993,128.9324341,163.5072327,181.7355804,5,4,5,4,25.81711197,20.62919044,25.54800415,20.19284248
76,Beechborough-Greenbrook,0,47,57,70,82,679.6818237,824.1758423,1005.313782,1161.966797,2,0,1,0,28.9184494,0,14.17032719,4,13,2,12,57.84526443,187.9699249,28.72325134,170.0439301,1,5,2,5,14.46131611,72.29612732,28.72325134,70.85163879
77,Rockcliffe-Smythe,2,126,139,174,180,537.473877,596.7714233,745.916748,767.4924316,1,0,0,8.531331062,4.293319702,0,0,14,16,19,20,59.71931839,68.69311523,81.45067596,85.27693939,5,12,7,8,21.32832909,51.51983643,30.00814438,34.11077499
78,Keelesdale-Eglinton West,0,84,75,105,112,705.8823242,632.2178345,880.2816772,935.7506714,3,0,1,0,25.28871346,0,8.354916573,11,7,11,26,92.43697357,59.00699615,92.21998596,217.2278442,2,2,0,1,16.80672264,16.8591423,0,8.354916573
79,Palmerston-Little Italy,0,60,78,85,77,408.0244751,533.078186,579.9276733,523.8451538,1,1,2,0,6.834335804,6.8226785659999996,13.60636806,9,9,13,21,61.2036705,61.50902176,88.69482422,142.8668671,0,0,0,2,0,0,0,13.60636806
80,University,0,74,92,110,127,1003.117798,1243.243286,1476.708252,1679.005859,0,0,0,0,0,0,0,9,12,14,14,122.0008163,162.1621552,187.9446869,185.0872498,0,1,0,0,0,13.51351357,0,0
81,Kensington-Chinatown,1,394,380,381,482,1969.606079,1879.141479,1849.963623,2270.479004,2,1,1,4.999000072,9.890218735,4.855547428,4.710537434,43,25,42,46,214.957016,123.6277313,203.9329987,216.6847229,6,9,5,5,29.99400139,44.50598526,24.27773666,23.55268669
82,North St.James Town,0,232,261,221,276,1152.737793,1297.410156,1088.777222,1346.867065,0,1,0,0,0,4.926593781,0,35,16,23,29,173.9044037,79.53472137,113.3116531,141.5186462,1,3,4,1,4.968697071,14.91276073,19.70637512,4.879953384
83,Moss Park,2,756,637,548,627,3582.768555,2980.5354,2516.531982,2823.434082,1,3,7,9.478223801,4.679019451,13.77663517,31.52159309,136,88,66,56,644.5192261,411.7536926,303.085968,252.1727448,4,3,10,3,18.9564476,14.03705788,45.92211533,13.5092535
84,Regent Park,1,144,179,127,160,1109.399048,1346.97876,926.0609741,1129.464966,1,0,0,7.704160213,7.525020599,0,0,13,16,11,20,100.1540833,120.4003296,80.21000671,141.1831207,7,2,3,2,53.92912292,15.0500412,21.87545586,14.11831188
85,Cabbagetown-South St.James Town,1,140,125,136,131,1183.131958,1059.142578,1146.905029,1094.585571,1,0,0,8.450942039,8.473139763,0,0,19,15,23,14,160.5679016,127.0970993,193.9618835,116.9786072,0,0,0,0,0,0,0,0
86,South Riverdale,0,218,230,302,339,738.7075806,779.3704224,1014.784973,1124.937744,2,1,1,0,6.777133942,3.360214949,3.318400621,35,30,42,44,118.5998459,101.6570129,141.1290283,146.0096283,3,2,6,3,10.16570091,6.777133942,20.16129112,9.955201149
87,Blake-Jones,0,58,51,59,81,708.786499,626.4586792,721.977478,984.3237305,0,1,1,0,0,12.23690605,12.15214443,5,13,11,11,61.10228348,159.6855469,134.6059723,133.6735992,2,1,2,4,24.44091415,12.28350353,24.4738121,48.60857773
88,North Riverdale,0,35,54,76,80,286.8382263,445.7652283,628.6187134,657.4622192,1,0,1,0,8.254911423,0,8.218276978,15,5,9,9,122.9306641,41.27455902,74.44168854,73.96450043,0,1,0,2,0,8.254911423,0,16.43655396
89,Playter Estates-Danforth,0,71,53,95,106,905.0350342,681.4091187,1222.651245,1365.275635,0,0,0,0,0,0,0,7,12,14,18,89.22880554,154.281311,180.1801758,231.8392639,1,1,1,2,12.74697304,12.85677528,12.87001324,25.75991821
90,Danforth,1,60,83,115,132,590.609314,821.9449463,1136.700562,1297.552368,0,0,0,9.843488693,0,0,0,16,12,22,21,157.4958191,118.8354111,217.4557648,206.4287872,1,0,2,2,9.843488693,0,19.76870537,19.6598835
91,Greenwood-Coxwell,0,119,113,117,127,776.965271,741.5184937,765.105957,824.675354,0,1,1,0,0,6.539367199,6.493506432,23,15,33,7,150.169754,98.43165588,215.799118,45.45454407,2,2,1,0,13.05823994,13.12422085,6.539367199,0
92,Woodbine Corridor,1,71,78,110,102,536.3753052,591.7608643,831.3179932,767.956604,1,1,0,7.554581642,7.586678028,7.557436466,0,6,8,8,7,45.32749176,60.69342422,60.45949173,52.70290756,0,0,1,1,0,0,7.557436466,7.528986454
93,The Beaches,0,87,91,121,113,380.8606567,399.5258484,528.8461304,489.2410278,0,0,1,0,0,0,4.329566479,7,17,20,16,30.64396095,74.63669586,87.41259003,69.27306366,0,0,0,0,0,0,0,0
94,East End-Danforth,0,144,183,215,218,636.0424194,809.0900879,944.1834106,947.3729858,2,0,2,0,8.842514992,0,8.691494942,26,28,23,17,114.8409882,123.7952042,101.0056686,73.87770844,2,2,2,1,8.833922386,8.842514992,8.783101082,4.345747471
95,Taylor-Massey,0,112,116,115,144,686.9058838,717.644165,711.5895996,891.2545776,0,1,0,0,0,6.187736034,0,27,10,10,28,165.5933838,61.86587524,61.87735748,173.2994995,3,2,3,1,18.39926338,12.37317467,18.56320763,6.189267635
96,Woodbine-Lumsden,0,31,33,41,32,377.2207336,404.8583069,503.6236267,393.072113,0,0,1,0,0,0,12.28350353,6,2,5,0,73.01046753,24.53686714,61.4175148,0,0,0,0,0,0,0,0,0
97,Danforth East York,1,59,61,70,102,329.0758057,342.5811462,392.861145,570.3740845,0,0,0,5.577556133,0,0,0,9,6,5,4,50.19800186,33.6965065,28.06151009,22.36761093,0,1,0,0,0,5.616084576,0,0
98,Old East York,0,28,35,67,63,291.4541626,367.3769226,703.633667,660.3773804,0,0,0,0,0,0,0,5,7,7,6,52.04538345,73.47538757,73.51396942,62.89308167,1,0,2,2,10.40907669,0,21.00399017,20.96436119
99,Runnymede-Bloor West Village,0,32,25,42,58,297.0664673,233.7103882,391.6083984,538.4329834,0,1,0,0,0,9.324008942,0,7,5,13,18,64.98329163,46.74207687,121.2121201,167.099884,0,0,0,1,0,0,0,9.283327103
100,High Park North,0,89,95,129,187,372.4628601,397.0575867,533.8961792,764.0761719,0,1,1,0,0,4.138730049,4.085968971,17,10,14,24,71.14459229,41.79553604,57.9422226,98.06324768,0,0,0,0,0,0,0,0
101,High Park-Swansea,0,78,87,101,106,305.8463745,340.7755432,392.2025452,405.5863647,0,1,1,0,0,3.883193493,3.826286554,10,12,13,9,39.21107483,47.00352478,50.48151779,34.43658066,2,2,3,3,7.842214584,7.833920956,11.64958096,11.4788599
102,Roncesvalles,0,111,90,98,136,698.9924316,568.5407715,617.2450562,853.2530518,0,0,0,0,0,0,0,22,12,17,21,138.5390472,75.80543518,107.0731277,131.7523041,1,3,0,1,6.29722929,18.9513588,0,6.273919106
103,South Parkdale,0,251,274,274,324,1108.951172,1209.125854,1199.597168,1405.395996,0,1,0,0,0,4.378091812,0,19,20,9,23,83.94451141,88.25735474,39.40282822,99.76576996,4,4,3,0,17.67252731,17.65147209,13.13427639,0
104,Little Portugal,0,84,107,113,129,497.7187805,630.784668,657.9330444,741.421936,0,0,0,0,0,0,0,9,10,14,15,53.32701492,58.95183563,81.51382446,86.21185303,0,1,0,1,0,5.895183563,0,5.747456551
105,Dufferin Grove,1,86,89,86,148,682.3230591,708.0350342,681.4039917,1164.529053,0,0,0,7.933989048,0,0,0,20,4,19,29,158.6797791,31.82179832,150.5427399,228.1847534,3,2,2,1,23.80196762,15.91089916,15.8466053,7.868439674
106,Trinity-Bellwoods,1,103,127,137,139,587.2626953,726.0877075,779.3833008,780.2851563,0,0,0,5.701579571,0,0,0,21,19,31,25,119.7331696,108.6272964,176.3568115,140.3390656,2,2,1,1,11.40315914,11.43445206,5.688929558,5.613562584
107,Don Valley Village,2,99,120,117,166,342.4776001,415.5844116,402.3522034,564.1652832,0,0,2,6.918739319,0,0,6.797172546,23,18,29,30,79.56550598,62.33766174,99.72832489,101.9575882,0,2,2,5,0,6.92640686,6.877815723,16.99293137
108,Pleasant View,0,40,26,32,52,239.9232178,156.8343658,192.6318359,310.7817383,0,0,0,0,0,0,0,10,8,9,14,59.98080444,48.25672531,54.17770386,83.6720047,0,0,0,0,0,0,0,0
109,Flemingdon Park,0,132,148,142,167,567.6442871,640.0276489,612.2009277,711.0921631,1,0,0,0,4.324511528,0,0,5,4,13,13,21.50167656,17.29804611,56.04656219,55.35448074,14,8,1,4,60.20469666,34.59609222,4.311274052,17.03214836
110,Victoria Village,0,114,97,122,146,620.2056274,528.5527344,660.9241943,785.2839966,0,0,0,0,0,0,0,11,9,10,16,59.84440613,49.04097748,54.17411423,86.05851746,7,3,3,4,38.08280182,16.34699249,16.25223541,21.51462936
111,Banbury-Don Mills,0,80,87,108,132,268.4924011,290.2418823,355.5789795,425.1618652,0,0,1,0,0,0,3.220923185,7,3,20,24,23.49308586,10.00833988,65.8479538,77.30215454,1,2,3,4,3.356155157,6.672226906,9.877193451,12.88369274
112,Bridle Path-Sunnybrook-York Mills,0,47,44,36,48,462.5984192,429.4777832,345.7881165,448.3048401,0,0,0,0,0,0,0,8,5,3,3,78.74015808,48.80429459,28.81567574,28.01905251,3,0,1,0,29.52755928,0,9.605225563,0
113,St.Andrew-Windfields,0,48,50,58,58,247.8314819,257.4267578,294.9252625,287.0576477,0,0,1,0,0,0,4.949269772,9,2,8,15,46.46840286,10.2970705,40.67934418,74.23905182,1,0,0,0,5.163155556,0,0,0
114,Bedford Park-Nortown,0,52,44,42,52,209.3229218,176.7849274,167.0445099,203.2599792,0,0,0,0,0,0,0,18,10,12,12,72.45793152,40.1783905,47.72700119,46.906147,1,2,0,0,4.025440693,8.035678864,0,0
115,Lansing-Westgate,0,97,93,66,89,555.2693481,532.5240479,374.7445068,497.9856873,0,3,0,0,0,17.03384018,0,11,12,14,24,62.96868896,68.71278381,79.49125671,134.288269,1,3,2,0,5.72442627,17.17819595,11.35589409,0
116,Willowdale West,0,82,82,120,115,437.1468201,433.6100769,624.1872559,588.3556519,0,0,0,0,0,0,0,25,29,3,38,133.276474,153.3498993,15.60468102,194.4131775,1,0,0,0,5.331058979,0,0,0
117,Newtonbrook West,0,175,202,229,200,681.9953003,786.9721069,884.5114136,761.4696655,0,1,0,0,0,3.862495184,0,23,19,30,30,89.63367462,74.02212524,115.874855,114.2204437,5,0,2,1,19.48558044,0,7.724990368,3.807348251
118,Westminster-Branson,0,93,89,88,119,336.6028442,323.8012085,319.1875305,428.9524841,0,0,0,0,0,0,0,17,8,14,4,61.52955246,29.10572624,50.77983475,14.41857147,1,2,0,0,3.619385481,7.276431561,0,0
119,Bathurst Manor,0,60,55,58,88,355.9985657,326.1385193,341.3170166,509.9971008,0,0,1,0,0,0,5.7954216,7,9,17,16,41.53316879,53.3681221,100.0411911,92.72674561,1,1,1,0,5.933309555,5.929791451,5.884776115,0
120,Clanton Park,0,81,97,117,134,442.7197266,526.8875732,626.3048096,701.9749756,1,0,0,0,5.4318304060000004,0,0,16,13,19,16,87.45080566,70.61380005,101.7076187,83.81790924,4,0,1,3,21.86270142,0,5.353032589,15.71585751
121,Englemount-Lawrence,1,102,88,86,125,428.5714417,369.1430054,357.484314,510.9339905,1,0,0,4.20168066,4.194807053,0,0,23,7,5,17,96.63865662,29.36364746,20.78397179,69.4870224,10,4,3,4,42.01680756,16.77922821,12.47038269,16.349887849999998
122,Yorkdale-Glen Park,1,157,162,180,207,971.3543091,986.7819824,1073.409302,1199.443726,1,1,0,6.186970234,6.091247082,5.963384628,0,40,17,32,74,247.4788055,103.5511932,190.8283081,428.7866516,15,9,7,0,92.80455017,54.8212204,41.74369431,0
123,Brookhaven-Amesbury,0,94,138,159,166,501.6543884,740.62146,851.5424194,885.9003296,3,2,0,0,16.10046768,10.71122551,0,16,15,12,30,85.38798523,80.50233459,64.26734924,160.1024628,1,5,5,0,5.336749077,26.83411217,26.77806282,0
124,Maple Leaf,0,28,32,51,50,265.579071,304.5298767,483.0002747,472.8132324,0,0,0,0,0,0,0,2,1,5,5,18.96993256,9.516558647,47.35297012,47.28132248,1,2,1,1,9.484966278,19.03311729,9.470593452,9.456264496
125,Rustic,0,60,62,73,89,579.4862061,601.3579102,705.5866699,855.4401855,2,0,0,0,19.39864159,0,0,8,6,4,2,77.26482391,58.19592667,38.66228485,19.22337532,6,7,1,3,57.94861984,67.89524841,9.665571213,28.83506393
126,York University Heights,1,347,331,333,409,1172.138916,1121.615723,1123.0271,1368.030273,6,3,0,3.37792182,20.33140182,10.11736107,0,47,40,51,106,158.7623291,135.5426788,171.9951477,354.5506287,12,14,13,6,40.5350647,47.43993759,43.84189987,20.06890297
127,Glenfield-Jane Heights,1,285,315,283,327,887.1595459,984.6211548,880.9613037,1013.922058,5,3,0,3.112840414,15.6289072,9.338811874,0,50,29,31,31,155.6420288,90.6476593,96.50106049,96.12104797,34,19,10,14,105.8365784,59.3898468,31.12937355,43.40950775
128,Broadview North,0,62,55,60,81,508.5718994,453.4212646,493.7052612,663.9344482,1,1,0,0,8.244023323,8.228421211,0,3,10,2,3,24.60831833,82.44023132,16.45684242,24.59016418,0,1,2,0,0,8.244023323,16.45684242,0
129,Leaside-Bennington,0,29,50,33,38,162.0473785,279.7672424,183.1298523,208.9634247,0,0,0,0,0,0,0,8,3,4,5,44.70272827,16.78603363,22.19755745,27.49518776,0,1,1,0,0,5.595344543,5.549389362,0
130,Thorncliffe Park,2,98,118,114,128,439.1664734,530.9814453,509.7705994,568.6867065,0,0,0,8.962581635,0,0,0,5,14,19,12,22.40645218,62.9977951,84.9617691,53.31437683,9,3,3,4,40.33161545,13.49952793,13.41501617,17.77145958
131,O'Connor-Parkview,0,114,115,161,133,577.3028564,583.8452759,813.8300781,668.3081055,1,0,1,0,5.076915264,0,5.024873257,19,12,8,3,96.21714783,60.92298508,40.43875885,15.07461929,1,2,3,0,5.064060211,10.15383053,15.16453552,0
132,Henry Farm,0,87,99,96,107,427.6445007,469.3055115,435.4531555,469.6690369,0,0,1,0,0,0,4.389430046,6,8,12,13,29.49272537,37.92367935,54.43164444,57.06259155,3,0,2,0,14.74636269,0,9.071940422,0
133,Bayview Village,1,70,71,120,137,288.3268738,288.6765747,477.9733887,533.3852539,0,0,0,4.118955612,0,0,0,18,4,10,9,74.1411972,16.26346779,39.83111572,35.03990555,1,3,5,2,4.118955612,12.19760132,19.91555786,7.786645889
134,Newtonbrook East,0,60,85,81,87,354.1703491,501.1496887,473.1861267,501.7879944,0,0,1,0,0,0,5.767677784,15,9,9,20,88.54258728,53.06290817,52.57623672,115.3535614,1,1,4,1,5.902839184,5.895878792,23.36721611,5.767677784
135,Bayview Woods-Steeles,0,33,27,40,60,244.4263458,200.4603119,295.7267456,439.8504639,0,0,0,0,0,0,0,2,2,2,7,14.81371784,14.84891224,14.78633785,51.31588745,1,0,0,0,7.406858921,0,0,0
136,Hillcrest Village,0,50,44,41,68,279.6264343,247.4690704,229.3963013,376.1894226,1,0,0,0,5.624297142,0,0,14,9,32,13,78.2953949,50.61867142,179.0410156,71.91856384,0,1,1,1,0,5.624297142,5.595031738,5.532197475
137,Alderwood,0,37,27,43,44,281.5829468,205.2451477,323.2110596,325.8535156,0,3,0,0,0,22.54960823,0,12,2,7,8,91.32420349,15.20334435,52.61575317,59.24609375,0,0,1,0,0,0,7.516536236,0
138,Long Branch,0,70,95,90,96,622.6096191,838.8521118,783.0172119,827.5148926,1,0,0,0,8.830021858,0,0,16,1,7,7,142.3107758,8.830021858,60.90134048,60.33962631,0,3,0,0,0,26.49006653,0,0
139,New Toronto,0,87,116,163,168,720.3179321,962.6555786,1346.884766,1376.485107,0,0,0,0,0,0,0,11,14,16,16,91.07468414,116.1825714,132.209549,131.093811,4,3,0,1,33.11806488,24.89626503,0,8.19336319
140,Stonegate-Queensway,0,109,82,104,137,411.5381775,310.8179932,392.3936157,512.571106,1,0,2,0,3.790463209,0,7.482789516,20,19,7,18,75.51158905,72.01879883,26.41110802,67.34510803,0,0,0,1,0,0,0,3.741394758
141,Kingsway South,0,11,30,21,65,110.4306793,300.5409851,208.1474915,633.713562,0,0,0,0,0,0,0,4,14,8,8,40.1566124,140.2524567,79.29428101,77.99551392,0,0,0,0,0,0,0,0
142,Etobicoke West Mall,1,63,48,52,66,506.7975159,385.6660767,414.540802,519.1536255,0,0,0,8.044404984,0,0,0,9,2,5,1,72.39964294,16.06941986,39.85969543,7.865963936,6,0,1,2,48.2664299,0,7.97193861,15.73192787
143,Markland Wood,0,42,25,35,45,387.2395325,232.7313385,325.8542175,418.9554138,0,0,0,0,0,0,0,17,8,11,4,156.7398071,74.47402954,102.4113235,37.24047852,0,0,0,0,0,0,0,0
144,Eringate-Centennial-West Deane,0,42,38,57,90,215.1859894,195.8964844,293.1194153,460.1697388,0,0,0,0,0,0,0,19,4,12,13,97.34603882,20.62068176,61.70935059,66.46896362,4,1,1,0,20.49390221,5.155170441,5.142445564,0
145,Princess-Rosethorn,0,23,25,27,25,190.0983582,205.5921021,219.3695221,199.1714478,0,0,0,0,0,0,0,9,2,2,12,74.38631439,16.44736862,16.24959373,95.60229492,1,1,1,2,8.265146255,8.223684311,8.124796867,15.93371582
146,Edenbridge-Humber Valley,0,33,35,31,53,197.9129181,208.9926605,182.9772186,306.8728027,0,0,0,0,0,0,0,9,0,6,7,53.97624969,0,35.4149437,40.5303688,1,2,2,1,5.997361183,11.94243717,11.80498123,5.790052891
147,Humber Heights-Westmount,0,23,31,32,53,207.5437622,278.0518494,283.7633972,464.993866,2,1,0,0,17.93882942,8.867606163,0,2,1,9,6,18.04728317,8.969414711,79.80845642,52.64081573,0,5,1,4,0,44.8470726,8.867606163,35.09387589
148,Willowridge-Martingrove-Richview,0,95,57,98,123,400.3708801,240.9842377,411.5744934,510.4369812,2,0,0,0,8.455587387,0,0,16,6,15,17,67.43088531,25.36676025,62.99609375,70.54820251,7,3,4,4,29.50101089,12.68338013,16.79895782,16.59957695
149,Kingsview Village-The Westway,0,100,99,132,151,435.5210876,434.9736328,579.8374634,663.4738159,1,0,0,0,4.393672943,0,0,6,9,10,23,26.13126564,39.54305649,43.92708206,101.0589218,2,7,1,2,8.710421562,30.75571251,4.392708302,8.787732124
150,Elms-Old Rexdale,0,49,69,64,61,494.0014038,701.1482544,649.6143188,617.1590576,0,1,0,0,0,10.15022373,0,7,7,15,14,70.57163239,71.13098145,152.2533569,141.6430664,0,7,6,0,0,71.13098145,60.90134048,0
151,Rexdale-Kipling,0,49,48,58,76,452.6140747,447.0522461,540.9438477,708.822998,0,2,0,0,0,18.65323639,0,14,10,13,24,129.3183136,93.13588715,121.2460327,223.8388367,1,1,1,1,9.2370224,9.313588142,9.326618195,9.326618195
152,Thistletown-Beaumond Heights,0,56,61,52,66,527.5553589,578.8025513,493.6865234,626.7806396,0,0,0,0,0,0,0,9,6,16,13,84.78568268,56.93139648,151.9035339,123.4567871,1,1,5,0,9.420631409,9.488566399,47.46985626,0
153,Mount Olive-Silverstone-Jamestown,3,207,212,262,297,590.1639404,607.2062988,747.0133667,839.3150024,0,1,4,8.553100586,0,2.851196051,11.30390549,31,50,54,54,88.38204193,143.2090302,153.9645844,152.6027222,18,10,6,16,51.31860352,28.64180565,17.10717583,45.21562195
154,West Humber-Clairville,2,250,243,269,322,699.9664307,680.8439331,747.5752563,884.9071045,1,1,2,5.599731445,2.801826715,2.779090166,5.496317387,76,53,69,77,212.7897797,148.4968262,191.7572174,211.6082153,5,5,5,9,13.99932766,14.00913429,13.89545059,24.73342896
155,Black Creek,3,260,207,232,231,1134.776489,908.0540161,1014.074646,1002.299622,0,1,0,13.09357548,0,4.371011257,0,23,12,19,28,100.384079,52.64081573,83.04921722,121.4908676,18,13,10,7,78.56145477,57.02754974,43.71011353,30.3727169
156,Pelmo Park-Humberlea,0,55,57,82,104,470.4876099,485.2715759,689.1335449,858.0150146,2,1,0,0,17.02707291,8.404067993,0,7,4,8,13,59.88024139,34.05414581,67.23254395,107.2518768,4,2,3,3,34.21728134,17.02707291,25.21220207,24.75043297
157,Humbermede,0,95,134,119,159,574.2609863,813.7981567,719.7290649,959.6813354,0,0,0,0,0,0,0,14,18,38,14,84.62793732,109.3161697,229.8294373,84.50024414,6,4,2,2,36.26911545,24.29248238,12.09628677,12.07146263
158,Humber Summit,0,92,101,127,165,695.9678955,766.3126221,959.359436,1229.050293,1,0,2,0,7.587253571,0,14.89757919,26,14,30,25,196.6865845,106.22155,226.6203308,186.2197418,5,4,7,6,37.82434464,30.34901428,52.87807846,44.69273758
